timestamp,temperature_c,humidity
2026-03-24 20:43:28,24.1,18.0
2026-03-24 20:43:30,24.1,18.0
2026-03-24 20:43:32,24.1,19.0
2026-03-24 20:43:34,24.1,19.0
2026-03-24 20:43:36,24.0,19.0
2026-03-24 20:43:38,24.1,19.0
2026-03-24 20:43:40,24.1,19.0
2026-03-24 20:43:42,24.1,19.0
2026-03-24 20:43:44,24.1,19.0
2026-03-24 20:43:46,24.1,19.0
2026-03-24 20:43:49,24.1,18.0
2026-03-24 20:43:51,24.1,18.0
2026-03-24 20:43:53,24.1,18.0
2026-03-24 20:43:55,24.0,18.0
2026-03-24 20:43:57,24.1,18.0
2026-03-24 20:43:59,24.0,18.0
2026-03-24 20:44:01,24.0,18.0
2026-03-24 20:44:03,24.0,18.0
2026-03-24 20:44:05,24.0,18.0
2026-03-24 20:44:07,24.0,18.0
2026-03-24 20:44:09,24.0,18.0
2026-03-24 20:44:11,24.0,18.0
2026-03-24 20:44:13,23.9,17.0
2026-03-24 20:44:15,23.9,17.0
2026-03-24 20:44:17,24.0,17.0
2026-03-24 20:44:19,23.9,17.0
2026-03-24 20:44:21,23.9,17.0
2026-03-24 20:44:23,23.9,17.0
2026-03-24 20:44:25,23.9,17.0
2026-03-24 20:44:27,23.9,16.0
2026-03-24 20:44:29,24.0,16.0
2026-03-24 20:44:31,23.9,16.0
2026-03-24 20:44:33,23.9,16.0
2026-03-24 20:44:35,24.0,16.0
timestamp,temperature_c,humidity
2026-03-24 20:46:33,23.6,15.0
2026-03-24 20:46:36,23.6,15.0
2026-03-24 20:46:38,23.6,15.0
2026-03-24 20:46:40,23.7,15.0
2026-03-24 20:46:42,23.6,15.0
2026-03-24 20:46:44,23.7,16.0
2026-03-24 20:46:46,23.6,16.0
2026-03-24 20:46:48,23.6,16.0
2026-03-24 20:46:50,23.6,17.0
2026-03-24 20:46:52,23.8,17.0
2026-03-24 20:46:54,23.6,17.0
2026-03-24 20:46:56,23.6,17.0
2026-03-24 20:46:58,23.8,18.0
2026-03-24 20:47:00,23.8,18.0
2026-03-24 20:47:02,23.6,18.0
2026-03-24 20:47:04,23.7,18.0
2026-03-24 20:47:06,23.6,18.0
2026-03-24 20:47:08,23.6,18.0
2026-03-24 20:47:10,23.8,18.0
2026-03-24 20:47:12,23.6,18.0
2026-03-24 20:47:14,23.6,18.0
2026-03-24 20:47:16,23.6,18.0
2026-03-24 20:47:18,23.6,17.0
2026-03-24 20:47:20,23.7,17.0
2026-03-24 20:47:22,23.6,17.0
2026-03-24 20:47:24,23.5,17.0
2026-03-24 20:47:26,23.6,17.0
2026-03-24 20:47:28,23.5,17.0
2026-03-24 20:47:30,23.6,17.0
2026-03-24 20:47:32,23.5,17.0
2026-03-24 20:47:34,23.7,16.0
2026-03-24 20:47:36,23.6,16.0
2026-03-24 20:47:39,23.6,16.0
2026-03-24 20:47:41,23.5,16.0
2026-03-24 20:47:43,23.6,16.0
2026-03-24 20:47:45,23.5,16.0
2026-03-24 20:47:47,23.5,16.0
2026-03-24 20:47:49,23.5,16.0
2026-03-24 20:47:51,23.5,16.0
2026-03-24 20:47:53,23.6,16.0
2026-03-24 20:47:55,23.6,16.0
2026-03-24 20:47:57,23.5,16.0
2026-03-24 20:47:59,23.5,16.0
2026-03-24 20:48:01,23.5,16.0
2026-03-24 20:48:03,23.5,16.0
2026-03-24 20:48:05,23.5,16.0
2026-03-24 20:48:07,23.5,16.0
2026-03-24 20:48:09,23.6,16.0
2026-03-24 20:48:11,23.6,16.0
2026-03-24 20:48:13,23.5,16.0
2026-03-24 20:48:15,23.5,16.0
2026-03-24 20:48:17,23.5,16.0
2026-03-24 20:48:19,23.5,16.0
2026-03-24 20:48:21,23.5,16.0
2026-03-24 20:48:23,23.5,16.0
2026-03-24 20:48:25,23.5,16.0
2026-03-24 20:48:27,23.5,16.0
2026-03-24 20:48:29,23.5,16.0
2026-03-24 20:48:31,23.6,16.0
2026-03-24 20:48:33,23.5,16.0
2026-03-24 20:48:35,23.5,16.0
2026-03-24 20:48:37,23.5,16.0
2026-03-24 20:48:40,23.5,16.0
2026-03-24 20:48:42,23.4,16.0
2026-03-24 20:48:44,23.6,16.0
2026-03-24 20:48:46,23.5,16.0
2026-03-24 20:48:48,23.5,15.0
2026-03-24 20:48:50,23.5,15.0
2026-03-24 20:48:52,23.4,15.0
2026-03-24 20:48:54,23.4,15.0
2026-03-24 20:48:56,23.4,15.0
2026-03-24 20:48:58,23.5,15.0
2026-03-24 20:49:00,23.4,16.0
2026-03-24 20:49:02,23.4,16.0
2026-03-24 20:49:04,23.4,16.0
2026-03-24 20:49:06,23.5,15.0
2026-03-24 20:49:08,23.4,15.0
2026-03-24 20:49:10,23.5,15.0
2026-03-24 20:49:12,23.4,15.0
2026-03-24 20:49:14,23.4,15.0
2026-03-24 20:49:16,23.5,15.0
2026-03-24 20:49:18,23.5,15.0
2026-03-24 20:49:20,23.5,15.0
2026-03-24 20:49:22,23.5,15.0
2026-03-24 20:49:24,23.5,15.0
2026-03-24 20:49:26,23.5,15.0
2026-03-24 20:49:28,23.5,15.0
2026-03-24 20:49:30,23.4,15.0
2026-03-24 20:49:32,23.4,15.0
2026-03-24 20:49:34,23.5,15.0
2026-03-24 20:49:36,23.4,15.0
2026-03-24 20:49:38,23.3,15.0
2026-03-24 20:49:41,23.5,15.0
2026-03-24 20:49:43,23.5,15.0
2026-03-24 20:49:45,23.5,15.0
2026-03-24 20:49:47,23.4,15.0
2026-03-24 20:49:49,23.4,15.0
2026-03-24 20:49:51,23.5,15.0
2026-03-24 20:49:53,23.4,15.0
2026-03-24 20:49:55,23.4,15.0
2026-03-24 20:49:57,23.4,15.0
2026-03-24 20:49:59,23.3,15.0
2026-03-24 20:50:01,23.3,15.0
2026-03-24 20:50:03,23.4,15.0
2026-03-24 20:50:05,23.5,15.0
2026-03-24 20:50:07,23.4,15.0
2026-03-24 20:50:09,23.5,15.0
2026-03-24 20:50:11,23.3,15.0
2026-03-24 20:50:13,23.3,15.0
2026-03-24 20:50:15,23.3,15.0
2026-03-24 20:50:17,23.3,15.0
2026-03-24 20:50:19,23.3,15.0
2026-03-24 20:50:21,23.5,15.0
2026-03-24 20:50:23,23.5,15.0
2026-03-24 20:50:25,23.4,15.0
2026-03-24 20:50:27,23.4,15.0
2026-03-24 20:50:29,23.4,15.0
2026-03-24 20:50:31,23.4,15.0
2026-03-24 20:50:33,23.3,15.0
2026-03-24 20:50:35,23.3,15.0
2026-03-24 20:50:37,23.3,15.0
2026-03-24 20:50:39,23.3,15.0
2026-03-24 20:50:41,23.3,15.0
2026-03-24 20:50:44,23.3,15.0
2026-03-24 20:50:46,23.5,15.0
2026-03-24 20:50:48,23.3,15.0
2026-03-24 20:50:50,23.4,15.0
2026-03-24 20:50:52,23.4,15.0
2026-03-24 20:50:54,23.4,15.0
2026-03-24 20:50:56,23.3,15.0
2026-03-24 20:50:58,23.3,15.0
2026-03-24 20:51:00,23.3,15.0
2026-03-24 20:51:02,23.3,15.0
2026-03-24 20:51:04,23.3,15.0
2026-03-24 20:51:06,23.4,15.0
2026-03-24 20:51:08,23.3,15.0
2026-03-24 20:51:10,23.4,15.0
2026-03-24 20:51:12,23.4,15.0
2026-03-24 20:51:14,23.4,15.0
2026-03-24 20:51:16,23.3,15.0
2026-03-24 20:51:18,23.4,15.0
2026-03-24 20:51:20,23.4,15.0
2026-03-24 20:51:22,23.3,15.0
2026-03-24 20:51:24,23.3,15.0
2026-03-24 20:51:26,23.2,15.0
2026-03-24 20:51:28,23.4,15.0
2026-03-24 20:51:30,23.4,15.0
2026-03-24 20:51:32,23.4,15.0
2026-03-24 20:51:34,23.4,15.0
2026-03-24 20:51:36,23.4,15.0
2026-03-24 20:51:38,23.3,15.0
2026-03-24 20:51:40,23.3,15.0
2026-03-24 20:51:42,23.3,15.0
2026-03-24 20:51:45,23.2,15.0
2026-03-24 20:51:47,23.1,15.0
2026-03-24 20:51:49,23.2,15.0
2026-03-24 20:51:51,23.3,15.0
2026-03-24 20:51:53,23.3,15.0
2026-03-24 20:51:55,23.2,15.0
2026-03-24 20:51:57,23.5,15.0
2026-03-24 20:51:59,23.3,15.0
2026-03-24 20:52:01,23.3,15.0
2026-03-24 20:52:03,23.4,15.0
2026-03-24 20:52:05,23.2,15.0
2026-03-24 20:52:07,23.3,15.0
2026-03-24 20:52:09,23.4,15.0
2026-03-24 20:52:11,23.3,15.0
2026-03-24 20:52:13,23.4,15.0
2026-03-24 20:52:15,23.4,15.0
2026-03-24 20:52:17,23.3,15.0
2026-03-24 20:52:19,23.3,15.0
2026-03-24 20:52:21,23.3,15.0
2026-03-24 20:52:23,23.4,15.0
2026-03-24 20:52:25,23.2,15.0
2026-03-24 20:52:27,23.2,15.0
2026-03-24 20:52:29,23.2,15.0
2026-03-24 20:52:31,23.3,15.0
2026-03-24 20:52:33,23.3,15.0
2026-03-24 20:52:35,23.3,15.0
2026-03-24 20:52:37,23.3,15.0
2026-03-24 20:52:39,23.3,15.0
2026-03-24 20:52:41,23.3,15.0
2026-03-24 20:52:43,23.4,15.0
2026-03-24 20:52:46,23.3,15.0
2026-03-24 20:52:48,23.3,15.0
2026-03-24 20:52:50,23.3,15.0
2026-03-24 20:52:52,23.3,15.0
2026-03-24 20:52:54,23.2,15.0
2026-03-24 20:52:56,23.4,15.0
2026-03-24 20:52:58,23.3,15.0
2026-03-24 20:53:00,23.4,15.0
2026-03-24 20:53:02,23.3,15.0
2026-03-24 20:53:04,23.3,15.0
2026-03-24 20:53:06,23.3,15.0
2026-03-24 20:53:08,23.3,15.0
2026-03-24 20:53:10,23.3,15.0
2026-03-24 20:53:12,23.3,15.0
2026-03-24 20:53:14,23.1,15.0
2026-03-24 20:53:16,23.2,15.0
2026-03-24 20:53:18,23.3,15.0
2026-03-24 20:53:20,23.3,15.0
2026-03-24 20:53:22,23.2,15.0
2026-03-24 20:53:24,23.3,15.0
2026-03-24 20:53:26,23.1,15.0
2026-03-24 20:53:28,23.1,15.0
2026-03-24 20:53:30,23.1,15.0
2026-03-24 20:53:32,23.3,15.0
2026-03-24 20:53:34,23.2,15.0
2026-03-24 20:53:36,23.2,15.0
2026-03-24 20:53:38,23.2,15.0
2026-03-24 20:53:40,23.2,15.0
2026-03-24 20:53:42,23.2,15.0
2026-03-24 20:53:44,23.1,15.0
2026-03-24 20:53:47,23.3,15.0
2026-03-24 20:53:49,23.2,15.0
2026-03-24 20:53:51,23.1,15.0
2026-03-24 20:53:53,23.1,15.0
2026-03-24 20:53:55,23.2,15.0
2026-03-24 20:53:57,23.1,15.0
2026-03-24 20:53:59,23.1,15.0
2026-03-24 20:54:01,23.1,15.0
2026-03-24 20:54:03,23.2,15.0
2026-03-24 20:54:05,23.2,15.0
2026-03-24 20:54:07,23.1,15.0
2026-03-24 20:54:09,23.2,15.0
2026-03-24 20:54:11,23.1,15.0
2026-03-24 20:54:13,23.2,15.0
2026-03-24 20:54:15,23.1,15.0
2026-03-24 20:54:17,23.1,15.0
2026-03-24 20:54:19,23.1,15.0
2026-03-24 20:54:21,23.1,15.0
2026-03-24 20:54:23,23.1,15.0
2026-03-24 20:54:25,23.1,15.0
2026-03-24 20:54:27,23.1,15.0
2026-03-24 20:54:29,23.1,15.0
2026-03-24 20:54:31,23.1,15.0
2026-03-24 20:54:33,23.2,15.0
2026-03-24 20:54:35,23.1,15.0
2026-03-24 20:54:37,23.2,15.0
2026-03-24 20:54:39,23.1,15.0
2026-03-24 20:54:41,23.1,15.0
2026-03-24 20:54:43,23.1,15.0
2026-03-24 20:54:45,23.0,15.0
2026-03-24 20:54:47,23.1,15.0
2026-03-24 20:54:50,23.1,15.0
2026-03-24 20:54:52,23.2,15.0
2026-03-24 20:54:54,23.2,16.0
2026-03-24 20:54:56,23.2,16.0
2026-03-24 20:54:58,23.1,16.0
2026-03-24 20:55:00,23.2,16.0
2026-03-24 20:55:02,23.3,16.0
2026-03-24 20:55:04,23.2,16.0
2026-03-24 20:55:06,23.3,16.0
2026-03-24 20:55:08,23.2,16.0
2026-03-24 20:55:10,23.2,16.0
2026-03-24 20:55:12,23.2,17.0
2026-03-24 20:55:14,23.1,17.0
2026-03-24 20:55:16,23.3,17.0
2026-03-24 20:55:18,23.4,17.0
2026-03-24 20:55:20,23.2,18.0
2026-03-24 20:55:22,23.4,18.0
2026-03-24 20:55:24,23.4,18.0
2026-03-24 20:55:26,23.5,18.0
2026-03-24 20:55:28,23.3,18.0
2026-03-24 20:55:30,23.3,18.0
2026-03-24 20:55:32,23.3,18.0
2026-03-24 20:55:34,23.3,18.0
2026-03-24 20:55:36,23.4,18.0
2026-03-24 20:55:38,23.4,17.0
2026-03-24 20:55:40,23.3,17.0
2026-03-24 20:55:42,23.3,17.0
2026-03-24 20:55:44,23.3,17.0
2026-03-24 20:55:46,23.3,17.0
2026-03-24 20:55:48,23.4,17.0
2026-03-24 20:55:51,23.3,17.0
2026-03-24 20:55:53,23.3,17.0
2026-03-24 20:55:55,23.3,17.0
2026-03-24 20:55:57,23.3,17.0
2026-03-24 20:55:59,23.4,17.0
2026-03-24 20:56:01,23.4,18.0
2026-03-24 20:56:03,23.4,19.0
2026-03-24 20:56:05,23.5,19.0
2026-03-24 20:56:07,23.4,20.0
2026-03-24 20:56:09,23.5,20.0
2026-03-24 20:56:11,23.5,20.0
2026-03-24 20:56:13,23.4,20.0
2026-03-24 20:56:15,23.4,20.0
2026-03-24 20:56:17,23.5,20.0
2026-03-24 20:56:19,23.5,21.0
2026-03-24 20:56:21,23.4,21.0
2026-03-24 20:56:23,23.5,21.0
2026-03-24 20:56:25,23.4,22.0
2026-03-24 20:56:27,23.5,22.0
2026-03-24 20:56:29,23.5,22.0
2026-03-24 20:56:31,23.5,23.0
2026-03-24 20:56:33,23.5,23.0
2026-03-24 20:56:35,23.5,23.0
2026-03-24 20:56:37,23.4,23.0
2026-03-24 20:56:39,23.5,23.0
2026-03-24 20:56:41,23.6,23.0
2026-03-24 20:56:43,23.5,24.0
2026-03-24 20:56:45,23.5,24.0
2026-03-24 20:56:47,23.6,24.0
2026-03-24 20:56:49,23.5,25.0
2026-03-24 20:56:52,23.5,25.0
2026-03-24 20:56:54,23.5,25.0
2026-03-24 20:56:56,23.5,25.0
2026-03-24 20:56:58,23.7,25.0
2026-03-24 20:57:00,23.5,25.0
2026-03-24 20:57:02,23.7,25.0
2026-03-24 20:57:04,23.6,25.0
2026-03-24 20:57:06,23.8,25.0
2026-03-24 20:57:08,23.6,25.0
2026-03-24 20:57:10,23.6,25.0
2026-03-24 20:57:12,23.6,25.0
2026-03-24 20:57:14,23.6,25.0
2026-03-24 20:57:16,23.6,25.0
2026-03-24 20:57:18,23.8,26.0
2026-03-24 20:57:20,23.7,26.0
2026-03-24 20:57:22,23.5,26.0
2026-03-24 20:57:24,23.7,26.0
2026-03-24 20:57:26,23.7,26.0
2026-03-24 20:57:28,23.7,26.0
2026-03-24 20:57:30,23.9,26.0
2026-03-24 20:57:32,23.8,26.0
2026-03-24 20:57:34,23.8,26.0
2026-03-24 20:57:36,24.0,26.0
2026-03-24 20:57:38,23.7,25.0
2026-03-24 20:57:40,23.7,25.0
2026-03-24 20:57:42,23.8,25.0
2026-03-24 20:57:44,23.8,25.0
2026-03-24 20:57:46,23.7,25.0
2026-03-24 20:57:48,23.8,25.0
2026-03-24 20:57:50,23.7,25.0
2026-03-24 20:57:52,23.8,25.0
2026-03-24 20:57:55,24.0,25.0
2026-03-24 20:57:57,23.8,25.0
2026-03-24 20:57:59,23.8,25.0
2026-03-24 20:58:01,23.8,25.0
2026-03-24 20:58:03,23.9,25.0
2026-03-24 20:58:05,23.8,25.0
2026-03-24 20:58:07,23.8,25.0
2026-03-24 20:58:09,23.8,25.0
2026-03-24 20:58:11,24.1,25.0
2026-03-24 20:58:13,23.9,25.0
2026-03-24 20:58:15,23.9,25.0
2026-03-24 20:58:17,23.8,25.0
2026-03-24 20:58:19,23.9,25.0
2026-03-24 20:58:21,23.8,25.0
2026-03-24 20:58:23,23.9,25.0
2026-03-24 20:58:25,23.9,25.0
2026-03-24 20:58:27,24.0,25.0
2026-03-24 20:58:29,24.0,25.0
2026-03-24 20:58:31,23.8,25.0
2026-03-24 20:58:33,23.9,25.0
2026-03-24 20:58:35,24.0,24.0
2026-03-24 20:58:37,23.8,24.0
2026-03-24 20:58:39,23.9,24.0
2026-03-24 20:58:41,23.8,24.0
2026-03-24 20:58:43,24.0,24.0
2026-03-24 20:58:45,23.8,24.0
2026-03-24 20:58:47,24.1,24.0
2026-03-24 20:58:49,23.7,24.0
2026-03-24 20:58:51,24.0,24.0
2026-03-24 20:58:53,24.0,24.0
2026-03-24 20:58:56,23.8,24.0
2026-03-24 20:58:58,23.8,24.0
2026-03-24 20:59:00,23.9,24.0
2026-03-24 20:59:02,23.9,24.0
2026-03-24 20:59:04,23.8,25.0
2026-03-24 20:59:06,23.9,25.0
2026-03-24 20:59:08,23.9,25.0
2026-03-24 20:59:10,23.9,25.0
2026-03-24 20:59:12,23.8,25.0
2026-03-24 20:59:14,23.9,25.0
2026-03-24 20:59:16,23.8,25.0
2026-03-24 20:59:18,23.9,25.0
2026-03-24 20:59:20,24.2,25.0
2026-03-24 20:59:22,23.9,25.0
2026-03-24 20:59:24,23.9,25.0
2026-03-24 20:59:26,24.0,25.0
2026-03-24 20:59:28,23.9,25.0
2026-03-24 20:59:30,24.1,25.0
2026-03-24 20:59:32,23.9,25.0
2026-03-24 20:59:34,23.9,25.0
2026-03-24 20:59:36,23.9,25.0
2026-03-24 20:59:38,23.9,25.0
2026-03-24 20:59:40,24.1,24.0
2026-03-24 20:59:42,24.1,24.0
2026-03-24 20:59:44,23.9,24.0
2026-03-24 20:59:46,23.9,24.0
2026-03-24 20:59:48,24.0,24.0
2026-03-24 20:59:50,23.9,24.0
2026-03-24 20:59:52,23.9,24.0
2026-03-24 20:59:54,23.9,24.0
2026-03-24 20:59:57,23.9,24.0
2026-03-24 20:59:59,24.1,24.0
2026-03-24 21:00:01,24.0,24.0
2026-03-24 21:00:03,23.9,24.0
2026-03-24 21:00:05,23.8,23.0
2026-03-24 21:00:07,23.9,23.0
2026-03-24 21:00:09,23.9,22.0
2026-03-24 21:00:11,23.9,22.0
2026-03-24 21:00:13,24.0,22.0
2026-03-24 21:00:15,23.8,21.0
2026-03-24 21:00:17,24.0,21.0
2026-03-24 21:00:19,24.0,21.0
2026-03-24 21:00:21,23.9,21.0
2026-03-24 21:00:23,23.9,21.0
2026-03-24 21:00:25,23.9,21.0
2026-03-24 21:00:27,23.8,20.0
2026-03-24 21:00:29,23.8,20.0
2026-03-24 21:00:31,23.9,20.0
2026-03-24 21:00:33,23.9,20.0
2026-03-24 21:00:35,24.0,20.0
2026-03-24 21:00:37,23.9,21.0
2026-03-24 21:00:39,24.0,21.0
2026-03-24 21:00:41,23.8,21.0
2026-03-24 21:00:43,24.0,21.0
2026-03-24 21:00:45,24.1,21.0
2026-03-24 21:00:47,24.0,21.0
2026-03-24 21:00:49,24.0,21.0
2026-03-24 21:00:51,23.8,21.0
2026-03-24 21:00:53,23.8,21.0
2026-03-24 21:00:55,23.9,21.0
2026-03-24 21:00:57,23.8,21.0
2026-03-24 21:01:00,23.8,21.0
2026-03-24 21:01:02,23.9,21.0
2026-03-24 21:01:04,23.8,21.0
2026-03-24 21:01:06,23.9,21.0
2026-03-24 21:01:08,23.9,20.0
2026-03-24 21:01:10,23.9,20.0
2026-03-24 21:01:12,23.8,20.0
2026-03-24 21:01:14,23.8,20.0
2026-03-24 21:01:16,23.9,19.0
2026-03-24 21:01:18,24.0,19.0
2026-03-24 21:01:20,23.7,19.0
2026-03-24 21:01:22,23.8,18.0
2026-03-24 21:01:24,23.8,18.0
2026-03-24 21:01:26,23.9,18.0
2026-03-24 21:01:28,23.8,18.0
2026-03-24 21:01:30,23.8,18.0
2026-03-24 21:01:32,23.8,18.0
2026-03-24 21:01:34,23.8,17.0
2026-03-24 21:01:36,23.8,17.0
2026-03-24 21:01:38,23.9,17.0
2026-03-24 21:01:40,23.8,17.0
2026-03-24 21:01:42,23.8,17.0
2026-03-24 21:01:44,23.8,17.0
2026-03-24 21:01:46,23.8,17.0
2026-03-24 21:01:48,23.8,16.0
2026-03-24 21:01:50,23.9,16.0
2026-03-24 21:01:52,23.8,16.0
2026-03-24 21:01:54,23.7,16.0
2026-03-24 21:01:56,23.8,16.0
2026-03-24 21:01:58,23.8,16.0
2026-03-24 21:02:01,23.7,16.0
2026-03-24 21:02:03,23.7,16.0
2026-03-24 21:02:05,23.7,16.0
2026-03-24 21:02:07,23.7,16.0
2026-03-24 21:02:09,23.8,16.0
2026-03-24 21:02:11,23.6,16.0
2026-03-24 21:02:13,23.7,16.0
2026-03-24 21:02:15,23.7,16.0
2026-03-24 21:02:17,23.8,16.0
2026-03-24 21:02:19,23.6,16.0
2026-03-24 21:02:21,23.7,16.0
2026-03-24 21:02:23,23.6,16.0
2026-03-24 21:02:25,23.6,16.0
2026-03-24 21:02:27,23.6,16.0
2026-03-24 21:02:29,23.6,16.0
2026-03-24 21:02:31,23.6,16.0
2026-03-24 21:02:33,23.6,15.0
2026-03-24 21:02:35,23.7,15.0
2026-03-24 21:02:37,23.7,15.0
2026-03-24 21:02:39,23.6,15.0
2026-03-24 21:02:41,23.7,15.0
2026-03-24 21:02:43,23.6,15.0
2026-03-24 21:02:45,23.6,15.0
2026-03-24 21:02:47,23.7,15.0
2026-03-24 21:02:49,23.6,15.0
2026-03-24 21:02:51,23.6,15.0
2026-03-24 21:02:53,23.6,15.0
2026-03-24 21:02:55,23.7,15.0
2026-03-24 21:02:57,23.6,15.0
2026-03-24 21:02:59,23.6,15.0
2026-03-24 21:03:02,23.6,15.0
2026-03-24 21:03:04,23.7,15.0
2026-03-24 21:03:06,23.6,15.0
2026-03-24 21:03:08,23.6,15.0
2026-03-24 21:03:10,23.7,15.0
2026-03-24 21:03:12,23.6,15.0
2026-03-24 21:03:14,23.6,15.0
2026-03-24 21:03:16,23.6,15.0
2026-03-24 21:03:18,23.6,15.0
2026-03-24 21:03:20,23.5,15.0
2026-03-24 21:03:22,23.5,15.0
2026-03-24 21:03:24,23.6,15.0
2026-03-24 21:03:26,23.6,15.0
2026-03-24 21:03:28,23.7,15.0
2026-03-24 21:03:30,23.5,15.0
2026-03-24 21:03:32,23.5,15.0
2026-03-24 21:03:34,23.6,15.0
2026-03-24 21:03:36,23.6,15.0
2026-03-24 21:03:38,23.5,15.0
2026-03-24 21:03:40,23.6,15.0
2026-03-24 21:03:42,23.5,15.0
2026-03-24 21:03:44,23.5,15.0
2026-03-24 21:03:46,23.5,15.0
2026-03-24 21:03:48,23.5,15.0
2026-03-24 21:03:50,23.6,15.0
2026-03-24 21:03:52,23.6,15.0
2026-03-24 21:03:54,23.5,15.0
2026-03-24 21:03:56,23.6,15.0
2026-03-24 21:03:58,23.4,15.0
2026-03-24 21:04:00,23.5,15.0
2026-03-24 21:04:03,23.5,15.0
2026-03-24 21:04:05,23.5,15.0
2026-03-24 21:04:07,23.4,15.0
2026-03-24 21:04:09,23.5,15.0
2026-03-24 21:04:11,23.5,15.0
2026-03-24 21:04:13,23.5,15.0
2026-03-24 21:04:15,23.5,15.0
2026-03-24 21:04:17,23.4,15.0
2026-03-24 21:04:19,23.5,15.0
2026-03-24 21:04:21,23.5,15.0
2026-03-24 21:04:23,23.4,15.0
2026-03-24 21:04:25,23.5,15.0
2026-03-24 21:04:27,23.4,15.0
2026-03-24 21:04:29,23.4,15.0
2026-03-24 21:04:31,23.4,15.0
2026-03-24 21:04:33,23.5,15.0
2026-03-24 21:04:35,23.4,15.0
2026-03-24 21:04:37,23.4,15.0
2026-03-24 21:04:39,23.4,15.0
2026-03-24 21:04:41,23.4,16.0
2026-03-24 21:04:43,23.5,16.0
2026-03-24 21:04:45,23.4,16.0
2026-03-24 21:04:47,23.7,16.0
2026-03-24 21:04:49,23.3,16.0
2026-03-24 21:04:51,23.4,16.0
2026-03-24 21:04:53,23.4,16.0
2026-03-24 21:04:55,23.5,16.0
2026-03-24 21:04:57,23.4,17.0
2026-03-24 21:04:59,23.4,17.0
2026-03-24 21:05:01,23.6,17.0
2026-03-24 21:05:03,23.4,18.0
2026-03-24 21:05:06,23.5,18.0
2026-03-24 21:05:08,23.6,18.0
2026-03-24 21:05:10,23.6,18.0
2026-03-24 21:05:12,23.4,18.0
2026-03-24 21:05:14,23.5,18.0
2026-03-24 21:05:16,23.5,19.0
2026-03-24 21:05:18,23.5,19.0
2026-03-24 21:05:20,23.5,19.0
2026-03-24 21:05:22,23.5,19.0
2026-03-24 21:05:24,23.6,19.0
2026-03-24 21:05:26,23.5,20.0
2026-03-24 21:05:28,23.6,20.0
2026-03-24 21:05:30,23.5,20.0
2026-03-24 21:05:32,23.5,20.0
2026-03-24 21:05:34,23.5,20.0
2026-03-24 21:05:36,23.6,20.0
2026-03-24 21:05:38,23.6,21.0
2026-03-24 21:05:40,23.5,21.0
2026-03-24 21:05:42,23.5,22.0
2026-03-24 21:05:44,23.5,22.0
2026-03-24 21:05:46,23.6,23.0
2026-03-24 21:05:48,23.6,23.0
2026-03-24 21:05:50,23.5,23.0
2026-03-24 21:05:52,23.5,23.0
2026-03-24 21:05:54,23.7,22.0
2026-03-24 21:05:56,23.7,22.0
2026-03-24 21:05:58,23.5,22.0
2026-03-24 21:06:00,23.6,21.0
2026-03-24 21:06:02,23.5,21.0
2026-03-24 21:06:04,23.8,21.0
2026-03-24 21:06:07,23.7,21.0
2026-03-24 21:06:09,23.7,21.0
2026-03-24 21:06:11,23.7,22.0
2026-03-24 21:06:13,23.6,22.0
2026-03-24 21:06:15,23.6,23.0
2026-03-24 21:06:17,23.7,23.0
2026-03-24 21:06:19,23.6,23.0
2026-03-24 21:06:21,23.6,23.0
2026-03-24 21:06:23,23.6,23.0
2026-03-24 21:06:25,23.6,22.0
2026-03-24 21:06:27,23.6,22.0
2026-03-24 21:06:29,23.6,22.0
2026-03-24 21:06:31,23.6,21.0
2026-03-24 21:06:33,23.8,21.0
2026-03-24 21:06:35,23.6,21.0
2026-03-24 21:06:37,23.6,20.0
2026-03-24 21:06:39,23.6,20.0
2026-03-24 21:06:41,23.7,20.0
2026-03-24 21:06:43,23.6,19.0
2026-03-24 21:06:45,23.6,19.0
2026-03-24 21:06:47,23.6,19.0
2026-03-24 21:06:49,23.6,19.0
2026-03-24 21:06:51,23.6,18.0
2026-03-24 21:06:53,23.6,18.0
2026-03-24 21:06:55,23.6,18.0
2026-03-24 21:06:57,23.6,18.0
2026-03-24 21:06:59,23.6,17.0
2026-03-24 21:07:01,23.6,17.0
2026-03-24 21:07:03,23.6,17.0
2026-03-24 21:07:05,23.6,17.0
2026-03-24 21:07:08,23.7,17.0
2026-03-24 21:07:10,23.6,17.0
2026-03-24 21:07:12,23.6,16.0
2026-03-24 21:07:14,23.6,16.0
2026-03-24 21:07:16,23.6,16.0
2026-03-24 21:07:18,23.6,16.0
2026-03-24 21:07:20,23.5,16.0
2026-03-24 21:07:22,23.6,16.0
2026-03-24 21:07:24,23.5,16.0
2026-03-24 21:07:26,23.6,16.0
2026-03-24 21:07:28,23.5,16.0
2026-03-24 21:07:30,23.5,16.0
2026-03-24 21:07:32,23.6,16.0
2026-03-24 21:07:34,23.6,16.0
2026-03-24 21:07:36,23.5,16.0
2026-03-24 21:07:38,23.5,16.0
2026-03-24 21:07:40,23.5,16.0
2026-03-24 21:07:42,23.5,16.0
2026-03-24 21:07:44,23.6,15.0
2026-03-24 21:07:46,23.5,15.0
2026-03-24 21:07:48,23.6,15.0
2026-03-24 21:07:50,23.5,15.0
2026-03-24 21:07:52,23.6,15.0
2026-03-24 21:07:54,23.5,15.0
2026-03-24 21:07:56,23.5,15.0
2026-03-24 21:07:58,23.5,15.0
2026-03-24 21:08:00,23.5,15.0
2026-03-24 21:08:02,23.5,15.0
2026-03-24 21:08:04,23.5,15.0
2026-03-24 21:08:06,23.5,15.0
2026-03-24 21:08:08,23.6,15.0
2026-03-24 21:08:11,23.5,15.0
2026-03-24 21:08:13,23.6,15.0
2026-03-24 21:08:15,23.5,15.0
2026-03-24 21:08:17,23.5,15.0
2026-03-24 21:08:19,23.6,15.0
2026-03-24 21:08:21,23.5,15.0
2026-03-24 21:08:23,23.5,15.0
2026-03-24 21:08:25,23.5,15.0
2026-03-24 21:08:27,23.5,15.0
2026-03-24 21:08:29,23.5,15.0
2026-03-24 21:08:31,23.5,15.0
2026-03-24 21:08:33,23.5,15.0
2026-03-24 21:08:35,23.5,15.0
2026-03-24 21:08:37,23.5,15.0
2026-03-24 21:08:39,23.5,15.0
2026-03-24 21:08:41,23.6,15.0
2026-03-24 21:08:43,23.5,15.0
2026-03-24 21:08:45,23.5,15.0
2026-03-24 21:08:47,23.5,15.0
2026-03-24 21:08:49,23.5,15.0
2026-03-24 21:08:51,23.5,15.0
2026-03-24 21:08:53,23.5,15.0
2026-03-24 21:08:55,23.5,15.0
2026-03-24 21:08:57,23.5,15.0
2026-03-24 21:08:59,23.5,15.0
2026-03-24 21:09:01,23.6,15.0
2026-03-24 21:09:03,23.5,15.0
2026-03-24 21:09:05,23.5,15.0
2026-03-24 21:09:07,23.5,15.0
2026-03-24 21:09:09,23.5,15.0
2026-03-24 21:09:12,23.6,15.0
2026-03-24 21:09:14,23.5,15.0
2026-03-24 21:09:16,23.5,15.0
2026-03-24 21:09:18,23.5,15.0
2026-03-24 21:09:20,23.4,15.0
2026-03-24 21:09:22,23.5,15.0
2026-03-24 21:09:24,23.4,15.0
2026-03-24 21:09:26,23.5,15.0
2026-03-24 21:09:28,23.4,16.0
2026-03-24 21:09:30,23.5,15.0
2026-03-24 21:09:32,23.5,16.0
2026-03-24 21:09:34,23.5,16.0
2026-03-24 21:09:36,23.5,16.0
2026-03-24 21:09:38,23.5,15.0
2026-03-24 21:09:40,23.5,15.0
2026-03-24 21:09:42,23.5,16.0
2026-03-24 21:09:44,23.5,15.0
2026-03-24 21:09:46,23.5,15.0
2026-03-24 21:09:48,23.5,15.0
2026-03-24 21:09:50,23.5,15.0
2026-03-24 21:09:52,23.5,15.0
2026-03-24 21:09:54,23.5,15.0
2026-03-24 21:09:56,23.5,15.0
2026-03-24 21:09:58,23.5,15.0
2026-03-24 21:10:00,23.5,15.0
2026-03-24 21:10:02,23.5,15.0
2026-03-24 21:10:04,23.5,15.0
2026-03-24 21:10:06,23.5,15.0
2026-03-24 21:10:08,23.5,15.0
2026-03-24 21:10:10,23.5,15.0
2026-03-24 21:10:13,23.4,15.0
2026-03-24 21:10:15,23.4,15.0
2026-03-24 21:10:17,23.4,15.0
2026-03-24 21:10:19,23.4,15.0
2026-03-24 21:10:21,23.5,15.0
2026-03-24 21:10:23,23.4,15.0
2026-03-24 21:10:25,23.4,15.0
2026-03-24 21:10:27,23.4,15.0
2026-03-24 21:10:29,23.5,15.0
2026-03-24 21:10:31,23.4,15.0
2026-03-24 21:10:33,23.5,15.0
2026-03-24 21:10:35,23.4,15.0
2026-03-24 21:10:37,23.4,15.0
2026-03-24 21:10:39,23.4,15.0
2026-03-24 21:10:41,23.4,15.0
2026-03-24 21:10:43,23.5,15.0
2026-03-24 21:10:45,23.4,15.0
2026-03-24 21:10:47,23.4,15.0
2026-03-24 21:10:49,23.4,15.0
2026-03-24 21:10:51,23.4,15.0
2026-03-24 21:10:53,23.4,15.0
2026-03-24 21:10:55,23.4,15.0
2026-03-24 21:10:57,23.4,15.0
2026-03-24 21:10:59,23.4,15.0
2026-03-24 21:11:01,23.5,15.0
2026-03-24 21:11:03,23.4,15.0
2026-03-24 21:11:05,23.5,15.0
2026-03-24 21:11:07,23.4,15.0
2026-03-24 21:11:09,23.4,15.0
2026-03-24 21:11:11,23.4,15.0
2026-03-24 21:11:14,23.4,15.0
2026-03-24 21:11:16,23.3,15.0
2026-03-24 21:11:18,23.4,15.0
2026-03-24 21:11:20,23.5,15.0
2026-03-24 21:11:22,23.3,15.0
2026-03-24 21:11:24,23.5,15.0
2026-03-24 21:11:26,23.3,15.0
2026-03-24 21:11:28,23.3,15.0
2026-03-24 21:11:30,23.3,15.0
2026-03-24 21:11:32,23.3,15.0
2026-03-24 21:11:34,23.4,16.0
2026-03-24 21:11:36,23.3,16.0
2026-03-24 21:11:38,23.3,16.0
2026-03-24 21:11:40,23.3,16.0
2026-03-24 21:11:42,23.5,16.0
2026-03-24 21:11:44,23.5,16.0
2026-03-24 21:11:46,23.4,16.0
2026-03-24 21:11:48,23.4,16.0
2026-03-24 21:11:50,23.5,16.0
2026-03-24 21:11:52,23.3,16.0
2026-03-24 21:11:54,23.4,16.0
2026-03-24 21:11:56,23.4,16.0
2026-03-24 21:11:58,23.5,16.0
2026-03-24 21:12:00,23.3,16.0
2026-03-24 21:12:02,23.3,16.0
2026-03-24 21:12:04,23.5,16.0
2026-03-24 21:12:06,23.3,16.0
2026-03-24 21:12:08,23.5,15.0
2026-03-24 21:12:10,23.3,15.0
2026-03-24 21:12:12,23.3,15.0
2026-03-24 21:12:14,23.3,15.0
2026-03-24 21:12:17,23.4,15.0
2026-03-24 21:12:19,23.5,15.0
2026-03-24 21:12:21,23.3,15.0
2026-03-24 21:12:23,23.4,15.0
2026-03-24 21:12:25,23.4,15.0
2026-03-24 21:12:27,23.3,15.0
2026-03-24 21:12:29,23.3,15.0
2026-03-24 21:12:31,23.3,15.0
2026-03-24 21:12:33,23.3,15.0
2026-03-24 21:12:35,23.2,15.0
2026-03-24 21:12:37,23.2,15.0
2026-03-24 21:12:39,23.4,15.0
2026-03-24 21:12:41,23.3,15.0
2026-03-24 21:12:43,23.2,15.0
2026-03-24 21:12:45,23.3,15.0
2026-03-24 21:12:47,23.4,15.0
2026-03-24 21:12:49,23.4,15.0
2026-03-24 21:12:51,23.4,15.0
2026-03-24 21:12:53,23.4,15.0
2026-03-24 21:12:55,23.4,15.0
2026-03-24 21:12:57,23.3,15.0
2026-03-24 21:12:59,23.5,15.0
2026-03-24 21:13:01,23.2,15.0
2026-03-24 21:13:03,23.4,15.0
2026-03-24 21:13:05,23.2,15.0
2026-03-24 21:13:07,23.2,15.0
2026-03-24 21:13:09,23.3,15.0
2026-03-24 21:13:11,23.2,15.0
2026-03-24 21:13:13,23.3,15.0
2026-03-24 21:13:15,23.2,15.0
2026-03-24 21:13:18,23.4,15.0
2026-03-24 21:13:20,23.2,15.0
2026-03-24 21:13:22,23.4,15.0
2026-03-24 21:13:24,23.2,15.0
2026-03-24 21:13:26,23.3,15.0
2026-03-24 21:13:28,23.1,15.0
2026-03-24 21:13:30,23.2,15.0
2026-03-24 21:13:32,23.3,15.0
2026-03-24 21:13:34,23.1,15.0
2026-03-24 21:13:36,23.2,15.0
2026-03-24 21:13:38,23.3,15.0
2026-03-24 21:13:40,23.4,15.0
2026-03-24 21:13:42,23.1,15.0
2026-03-24 21:13:44,23.3,15.0
2026-03-24 21:13:46,23.1,15.0
2026-03-24 21:13:48,23.4,15.0
2026-03-24 21:13:50,23.3,15.0
2026-03-24 21:13:52,23.4,16.0
2026-03-24 21:13:54,23.3,16.0
2026-03-24 21:13:56,23.4,16.0
2026-03-24 21:13:58,23.3,16.0
2026-03-24 21:14:00,23.3,16.0
2026-03-24 21:14:02,23.3,16.0
2026-03-24 21:14:04,23.3,16.0
2026-03-24 21:14:06,23.3,16.0
2026-03-24 21:14:08,23.3,16.0
2026-03-24 21:14:10,23.3,16.0
2026-03-24 21:14:12,23.3,16.0
2026-03-24 21:14:14,23.3,16.0
2026-03-24 21:14:16,23.4,16.0
2026-03-24 21:14:19,23.3,16.0
2026-03-24 21:14:21,23.3,16.0
2026-03-24 21:14:23,23.4,16.0
2026-03-24 21:14:25,23.4,16.0
2026-03-24 21:14:27,23.2,16.0
2026-03-24 21:14:29,23.3,16.0
2026-03-24 21:14:31,23.4,16.0
2026-03-24 21:14:33,23.4,17.0
2026-03-24 21:14:35,23.3,17.0
2026-03-24 21:14:37,23.3,17.0
2026-03-24 21:14:39,23.4,17.0
2026-03-24 21:14:41,23.3,17.0
2026-03-24 21:14:43,23.3,17.0
2026-03-24 21:14:45,23.3,17.0
2026-03-24 21:14:47,23.3,17.0
2026-03-24 21:14:49,23.4,17.0
2026-03-24 21:14:51,23.4,17.0
2026-03-24 21:14:53,23.3,16.0
2026-03-24 21:14:55,23.4,16.0
2026-03-24 21:14:57,23.3,16.0
2026-03-24 21:14:59,23.3,16.0
2026-03-24 21:15:01,23.4,16.0
2026-03-24 21:15:03,23.3,16.0
2026-03-24 21:15:05,23.3,16.0
2026-03-24 21:15:07,23.4,16.0
2026-03-24 21:15:09,23.4,16.0
2026-03-24 21:15:11,23.2,16.0
2026-03-24 21:15:13,23.3,16.0
2026-03-24 21:15:15,23.3,15.0
2026-03-24 21:15:17,23.4,15.0
2026-03-24 21:15:19,23.4,15.0
2026-03-24 21:15:22,23.3,15.0
2026-03-24 21:15:24,23.4,15.0
2026-03-24 21:15:26,23.3,15.0
2026-03-24 21:15:28,23.3,15.0
2026-03-24 21:15:30,23.3,15.0
2026-03-24 21:15:32,23.3,15.0
2026-03-24 21:15:34,23.3,15.0
2026-03-24 21:15:36,23.3,15.0
2026-03-24 21:15:38,23.3,15.0
2026-03-24 21:15:40,23.3,15.0
2026-03-24 21:15:42,23.2,16.0
2026-03-24 21:15:44,23.3,16.0
2026-03-24 21:15:46,23.3,16.0
2026-03-24 21:15:48,23.3,16.0
2026-03-24 21:15:50,23.3,16.0
2026-03-24 21:15:52,23.4,16.0
2026-03-24 21:15:54,23.3,15.0
2026-03-24 21:15:56,23.3,15.0
2026-03-24 21:15:58,23.3,15.0
2026-03-24 21:16:00,23.3,15.0
2026-03-24 21:16:02,23.3,15.0
2026-03-24 21:16:04,23.3,15.0
2026-03-24 21:16:06,23.3,15.0
2026-03-24 21:16:08,23.3,15.0
2026-03-24 21:16:10,23.3,15.0
2026-03-24 21:16:12,23.3,15.0
2026-03-24 21:16:14,23.3,15.0
2026-03-24 21:16:16,23.3,15.0
2026-03-24 21:16:18,23.3,15.0
2026-03-24 21:16:20,23.3,15.0
2026-03-24 21:16:23,23.3,15.0
2026-03-24 21:16:25,23.3,15.0
2026-03-24 21:16:27,23.3,15.0
2026-03-24 21:16:29,23.4,16.0
2026-03-24 21:16:31,23.2,16.0
2026-03-24 21:16:33,23.3,17.0
2026-03-24 21:16:35,23.2,17.0
2026-03-24 21:16:37,23.4,17.0
2026-03-24 21:16:39,23.3,17.0
2026-03-24 21:16:41,23.4,17.0
2026-03-24 21:16:43,23.3,17.0
2026-03-24 21:16:45,23.4,17.0
2026-03-24 21:16:47,23.3,17.0
2026-03-24 21:16:49,23.3,17.0
2026-03-24 21:16:51,23.3,17.0
2026-03-24 21:16:53,23.2,17.0
2026-03-24 21:16:55,23.2,17.0
2026-03-24 21:16:57,23.3,17.0
2026-03-24 21:16:59,23.2,18.0
2026-03-24 21:17:01,23.3,18.0
2026-03-24 21:17:03,23.2,19.0
2026-03-24 21:17:05,23.3,19.0
2026-03-24 21:17:07,23.2,19.0
2026-03-24 21:17:09,23.3,19.0
2026-03-24 21:17:11,23.3,19.0
2026-03-24 21:17:13,23.5,19.0
2026-03-24 21:17:15,23.4,18.0
2026-03-24 21:17:17,23.3,18.0
2026-03-24 21:17:19,23.2,18.0
2026-03-24 21:17:21,23.4,18.0
2026-03-24 21:17:24,23.3,17.0
2026-03-24 21:17:26,23.4,17.0
2026-03-24 21:17:28,23.3,17.0
2026-03-24 21:17:30,23.4,17.0
2026-03-24 21:17:32,23.2,17.0
2026-03-24 21:17:34,23.4,17.0
2026-03-24 21:17:36,23.2,16.0
2026-03-24 21:17:38,23.3,16.0
2026-03-24 21:17:40,23.4,16.0
2026-03-24 21:17:42,23.1,16.0
2026-03-24 21:17:44,23.4,16.0
2026-03-24 21:17:46,23.2,16.0
2026-03-24 21:17:48,23.3,16.0
2026-03-24 21:17:50,23.2,16.0
2026-03-24 21:17:52,23.4,16.0
2026-03-24 21:17:54,23.3,16.0
2026-03-24 21:17:56,23.2,16.0
2026-03-24 21:17:58,23.2,16.0
2026-03-24 21:18:00,23.3,16.0
2026-03-24 21:18:02,23.2,15.0
2026-03-24 21:18:04,23.3,15.0
2026-03-24 21:18:06,23.3,15.0
2026-03-24 21:18:08,23.3,15.0
2026-03-24 21:18:10,23.3,15.0
2026-03-24 21:18:12,23.3,15.0
2026-03-24 21:18:14,23.3,15.0
2026-03-24 21:18:16,23.3,15.0
2026-03-24 21:18:18,23.3,15.0
2026-03-24 21:18:20,23.3,15.0
2026-03-24 21:18:22,23.3,15.0
2026-03-24 21:18:24,23.3,15.0
2026-03-24 21:18:27,23.3,15.0
2026-03-24 21:18:29,23.4,15.0
2026-03-24 21:18:31,23.2,15.0
2026-03-24 21:18:33,23.3,15.0
2026-03-24 21:18:35,23.3,15.0
2026-03-24 21:18:37,23.2,15.0
2026-03-24 21:18:39,23.3,15.0
2026-03-24 21:18:41,23.2,15.0
2026-03-24 21:18:43,23.3,15.0
2026-03-24 21:18:45,23.3,15.0
2026-03-24 21:18:47,23.3,15.0
2026-03-24 21:18:49,23.2,15.0
2026-03-24 21:18:51,23.3,15.0
2026-03-24 21:18:53,23.2,15.0
2026-03-24 21:18:55,23.3,15.0
2026-03-24 21:18:57,23.2,15.0
2026-03-24 21:18:59,23.2,15.0
2026-03-24 21:19:01,23.3,15.0
2026-03-24 21:19:03,23.2,15.0
2026-03-24 21:19:05,23.2,15.0
2026-03-24 21:19:07,23.3,15.0
2026-03-24 21:19:09,23.3,16.0
2026-03-24 21:19:11,23.3,16.0
2026-03-24 21:19:13,23.2,16.0
2026-03-24 21:19:15,23.3,16.0
2026-03-24 21:19:17,23.3,15.0
2026-03-24 21:19:19,23.2,15.0
2026-03-24 21:19:21,23.4,15.0
2026-03-24 21:19:23,23.4,15.0
2026-03-24 21:19:25,23.3,15.0
2026-03-24 21:19:28,23.3,15.0
2026-03-24 21:19:30,23.1,15.0
2026-03-24 21:19:32,23.2,15.0
2026-03-24 21:19:34,23.3,15.0
2026-03-24 21:19:36,23.4,15.0
2026-03-24 21:19:38,23.4,15.0
2026-03-24 21:19:40,23.2,15.0
2026-03-24 21:19:42,23.4,15.0
2026-03-24 21:19:44,23.3,15.0
2026-03-24 21:19:46,23.3,15.0
2026-03-24 21:19:48,23.2,15.0
2026-03-24 21:19:50,23.2,15.0
2026-03-24 21:19:52,23.1,15.0
2026-03-24 21:19:54,23.3,15.0
2026-03-24 21:19:56,23.1,15.0
2026-03-24 21:19:58,23.4,15.0
2026-03-24 21:20:00,23.1,15.0
2026-03-24 21:20:02,23.2,15.0
2026-03-24 21:20:04,23.2,15.0
2026-03-24 21:20:06,23.3,15.0
2026-03-24 21:20:08,23.3,15.0
2026-03-24 21:20:10,23.3,15.0
2026-03-24 21:20:12,23.2,15.0
2026-03-24 21:20:14,23.1,15.0
2026-03-24 21:20:16,23.3,15.0
2026-03-24 21:20:18,23.3,15.0
2026-03-24 21:20:20,23.2,15.0
2026-03-24 21:20:22,23.3,15.0
2026-03-24 21:20:24,23.1,15.0
2026-03-24 21:20:26,23.4,15.0
2026-03-24 21:20:29,23.3,15.0
2026-03-24 21:20:31,23.2,15.0
2026-03-24 21:20:33,23.3,15.0
2026-03-24 21:20:35,23.3,15.0
2026-03-24 21:20:37,23.3,15.0
2026-03-24 21:20:39,23.3,15.0
2026-03-24 21:20:41,23.2,15.0
2026-03-24 21:20:43,23.2,15.0
2026-03-24 21:20:45,23.2,15.0
2026-03-24 21:20:47,23.1,15.0
2026-03-24 21:20:49,23.1,15.0
2026-03-24 21:20:51,23.4,15.0
2026-03-24 21:20:53,23.2,15.0
2026-03-24 21:20:55,23.3,15.0
2026-03-24 21:20:57,23.2,15.0
2026-03-24 21:20:59,23.3,15.0
2026-03-24 21:21:01,23.2,15.0
2026-03-24 21:21:03,23.2,15.0
2026-03-24 21:21:05,23.3,15.0
2026-03-24 21:21:07,23.3,15.0
2026-03-24 21:21:09,23.3,15.0
2026-03-24 21:21:11,23.2,15.0
2026-03-24 21:21:13,23.1,15.0
2026-03-24 21:21:15,23.3,15.0
2026-03-24 21:21:17,23.3,15.0
2026-03-24 21:21:19,23.2,15.0
2026-03-24 21:21:21,23.3,15.0
2026-03-24 21:21:23,23.2,15.0
2026-03-24 21:21:25,23.2,15.0
2026-03-24 21:21:27,23.3,15.0
2026-03-24 21:21:30,23.3,15.0
2026-03-24 21:21:32,23.2,15.0
2026-03-24 21:21:34,23.2,15.0
2026-03-24 21:21:36,23.3,15.0
2026-03-24 21:21:38,23.2,15.0
2026-03-24 21:21:40,23.2,15.0
2026-03-24 21:21:42,23.3,15.0
2026-03-24 21:21:44,23.1,15.0
2026-03-24 21:21:46,23.3,15.0
2026-03-24 21:21:48,23.1,15.0
2026-03-24 21:21:50,23.3,15.0
2026-03-24 21:21:52,23.1,15.0
2026-03-24 21:21:54,23.1,15.0
2026-03-24 21:21:56,23.1,15.0
2026-03-24 21:21:58,23.3,15.0
2026-03-24 21:22:00,23.2,15.0
2026-03-24 21:22:02,23.3,15.0
2026-03-24 21:22:04,23.2,15.0
2026-03-24 21:22:06,23.2,15.0
2026-03-24 21:22:08,23.1,15.0
2026-03-24 21:22:10,23.2,15.0
2026-03-24 21:22:12,23.3,15.0
2026-03-24 21:22:14,23.2,15.0
2026-03-24 21:22:16,23.1,15.0
2026-03-24 21:22:18,23.2,15.0
2026-03-24 21:22:20,23.1,15.0
2026-03-24 21:22:22,23.3,15.0
2026-03-24 21:22:24,23.2,15.0
2026-03-24 21:22:26,23.2,15.0
2026-03-24 21:22:28,23.2,15.0
2026-03-24 21:22:30,23.1,15.0
2026-03-24 21:22:33,23.3,15.0
2026-03-24 21:22:35,23.1,15.0
2026-03-24 21:22:37,23.3,15.0
2026-03-24 21:22:39,23.1,15.0
2026-03-24 21:22:41,23.2,15.0
2026-03-24 21:22:43,23.1,15.0
2026-03-24 21:22:45,23.3,15.0
2026-03-24 21:22:47,23.2,15.0
2026-03-24 21:22:49,23.3,15.0
2026-03-24 21:22:51,23.2,15.0
2026-03-24 21:22:53,23.2,15.0
2026-03-24 21:22:55,23.2,15.0
2026-03-24 21:22:57,23.2,15.0
2026-03-24 21:22:59,23.2,15.0
2026-03-24 21:23:01,23.2,15.0
2026-03-24 21:23:03,23.3,15.0
2026-03-24 21:23:05,23.3,15.0
2026-03-24 21:23:07,23.2,15.0
2026-03-24 21:23:09,23.2,15.0
2026-03-24 21:23:11,23.2,15.0
2026-03-24 21:23:13,23.2,15.0
2026-03-24 21:23:15,23.2,15.0
2026-03-24 21:23:17,23.3,15.0
2026-03-24 21:23:19,23.1,15.0
2026-03-24 21:23:21,23.2,15.0
2026-03-24 21:23:23,23.2,15.0
2026-03-24 21:23:25,23.2,15.0
2026-03-24 21:23:27,23.2,15.0
2026-03-24 21:23:29,23.1,15.0
2026-03-24 21:23:31,23.2,15.0
2026-03-24 21:23:34,23.1,15.0
2026-03-24 21:23:36,23.2,15.0
2026-03-24 21:23:38,23.2,15.0
2026-03-24 21:23:40,23.2,15.0
2026-03-24 21:23:42,23.2,15.0
2026-03-24 21:23:44,23.2,15.0
2026-03-24 21:23:46,23.1,15.0
2026-03-24 21:23:48,23.2,15.0
2026-03-24 21:23:50,23.2,15.0
2026-03-24 21:23:52,23.2,15.0
2026-03-24 21:23:54,23.2,15.0
2026-03-24 21:23:56,23.2,15.0
2026-03-24 21:23:58,23.1,15.0
2026-03-24 21:24:00,23.2,15.0
2026-03-24 21:24:02,23.3,15.0
2026-03-24 21:24:04,23.2,15.0
2026-03-24 21:24:06,23.1,15.0
2026-03-24 21:24:08,23.1,15.0
2026-03-24 21:24:10,23.2,15.0
2026-03-24 21:24:12,23.0,15.0
2026-03-24 21:24:14,23.1,15.0
2026-03-24 21:24:16,23.2,15.0
2026-03-24 21:24:18,23.2,15.0
2026-03-24 21:24:20,23.2,15.0
2026-03-24 21:24:22,23.2,15.0
2026-03-24 21:24:24,23.2,15.0
2026-03-24 21:24:26,23.2,15.0
2026-03-24 21:24:28,23.2,15.0
2026-03-24 21:24:30,23.2,15.0
2026-03-24 21:24:32,23.3,15.0
2026-03-24 21:24:35,23.0,15.0
2026-03-24 21:24:37,23.3,15.0
2026-03-24 21:24:39,23.3,15.0
2026-03-24 21:24:41,23.2,15.0
2026-03-24 21:24:43,23.2,15.0
2026-03-24 21:24:45,23.1,15.0
2026-03-24 21:24:47,23.3,15.0
2026-03-24 21:24:49,23.1,15.0
2026-03-24 21:24:51,23.3,15.0
2026-03-24 21:24:53,23.2,15.0
2026-03-24 21:24:55,23.2,15.0
2026-03-24 21:24:57,23.1,15.0
2026-03-24 21:24:59,23.2,15.0
2026-03-24 21:25:01,23.1,15.0
2026-03-24 21:25:03,23.1,15.0
2026-03-24 21:25:05,23.1,15.0
2026-03-24 21:25:07,23.2,15.0
2026-03-24 21:25:09,23.2,15.0
2026-03-24 21:25:11,23.1,15.0
2026-03-24 21:25:13,23.2,15.0
2026-03-24 21:25:15,23.2,15.0
2026-03-24 21:25:17,23.2,15.0
2026-03-24 21:25:19,23.2,15.0
2026-03-24 21:25:21,23.2,15.0
2026-03-24 21:25:23,23.2,15.0
2026-03-24 21:25:25,23.3,15.0
2026-03-24 21:25:27,23.1,15.0
2026-03-24 21:25:29,23.2,15.0
2026-03-24 21:25:31,23.2,15.0
2026-03-24 21:25:33,23.1,15.0
2026-03-24 21:25:35,23.2,15.0
2026-03-24 21:25:38,23.2,15.0
2026-03-24 21:25:40,23.2,15.0
2026-03-24 21:25:42,23.3,15.0
2026-03-24 21:25:44,23.2,15.0
2026-03-24 21:25:46,23.1,15.0
2026-03-24 21:25:48,23.2,15.0
2026-03-24 21:25:50,23.1,15.0
2026-03-24 21:25:52,23.3,15.0
2026-03-24 21:25:54,23.2,15.0
2026-03-24 21:25:56,23.1,15.0
2026-03-24 21:25:58,23.2,15.0
2026-03-24 21:26:00,23.1,15.0
2026-03-24 21:26:02,23.1,15.0
2026-03-24 21:26:04,23.2,15.0
2026-03-24 21:26:06,23.2,15.0
2026-03-24 21:26:08,23.2,15.0
2026-03-24 21:26:10,23.1,15.0
2026-03-24 21:26:12,23.1,15.0
2026-03-24 21:26:14,23.2,15.0
2026-03-24 21:26:16,23.2,15.0
2026-03-24 21:26:18,23.1,15.0
2026-03-24 21:26:20,23.1,15.0
2026-03-24 21:26:22,23.2,15.0
2026-03-24 21:26:24,23.1,15.0
2026-03-24 21:26:26,23.3,15.0
2026-03-24 21:26:28,23.1,15.0
2026-03-24 21:26:30,23.1,15.0
2026-03-24 21:26:32,23.1,15.0
2026-03-24 21:26:34,23.1,15.0
2026-03-24 21:26:36,23.2,15.0
2026-03-24 21:26:39,23.1,15.0
2026-03-24 21:26:41,23.1,15.0
2026-03-24 21:26:43,23.1,15.0
2026-03-24 21:26:45,23.1,15.0
2026-03-24 21:26:47,23.1,15.0
2026-03-24 21:26:49,23.2,15.0
2026-03-24 21:26:51,23.1,15.0
2026-03-24 21:26:53,23.1,15.0
2026-03-24 21:26:55,23.1,15.0
2026-03-24 21:26:57,23.2,15.0
2026-03-24 21:26:59,23.1,15.0
2026-03-24 21:27:01,23.2,15.0
2026-03-24 21:27:03,23.1,15.0
2026-03-24 21:27:05,23.1,15.0
2026-03-24 21:27:07,23.2,15.0
2026-03-24 21:27:09,23.2,15.0
2026-03-24 21:27:11,23.2,15.0
2026-03-24 21:27:13,23.1,15.0
2026-03-24 21:27:15,23.2,15.0
2026-03-24 21:27:17,23.3,15.0
2026-03-24 21:27:19,23.1,15.0
2026-03-24 21:27:21,23.2,15.0
2026-03-24 21:27:23,23.1,15.0
2026-03-24 21:27:25,23.2,15.0
2026-03-24 21:27:27,23.2,15.0
2026-03-24 21:27:29,23.3,15.0
2026-03-24 21:27:31,23.2,15.0
2026-03-24 21:27:33,23.1,15.0
2026-03-24 21:27:35,23.3,15.0
2026-03-24 21:27:37,23.2,15.0
2026-03-24 21:27:40,23.3,15.0
2026-03-24 21:27:42,23.3,15.0
2026-03-24 21:27:44,23.3,15.0
2026-03-24 21:27:46,23.3,15.0
2026-03-24 21:27:48,23.3,15.0
2026-03-24 21:27:50,23.3,15.0
2026-03-24 21:27:52,23.3,15.0
2026-03-24 21:27:54,23.3,15.0
2026-03-24 21:27:56,23.3,15.0
2026-03-24 21:27:58,23.2,15.0
2026-03-24 21:28:00,23.1,15.0
2026-03-24 21:28:02,23.2,15.0
2026-03-24 21:28:04,23.2,15.0
2026-03-24 21:28:06,23.2,15.0
2026-03-24 21:28:08,23.2,15.0
2026-03-24 21:28:10,23.2,15.0
2026-03-24 21:28:12,23.2,15.0
2026-03-24 21:28:14,23.2,15.0
2026-03-24 21:28:16,23.2,15.0
2026-03-24 21:28:18,23.1,15.0
2026-03-24 21:28:20,23.1,15.0
2026-03-24 21:28:22,23.2,15.0
2026-03-24 21:28:24,23.3,15.0
2026-03-24 21:28:26,23.2,15.0
2026-03-24 21:28:28,23.2,15.0
2026-03-24 21:28:30,23.2,15.0
2026-03-24 21:28:32,23.4,15.0
2026-03-24 21:28:34,23.2,15.0
2026-03-24 21:28:36,23.2,15.0
2026-03-24 21:28:38,23.1,15.0
2026-03-24 21:28:40,23.2,15.0
2026-03-24 21:28:43,23.3,15.0
2026-03-24 21:28:45,23.2,15.0
2026-03-24 21:28:47,23.2,15.0
2026-03-24 21:28:49,23.2,15.0
2026-03-24 21:28:51,23.2,15.0
2026-03-24 21:28:53,23.1,15.0
2026-03-24 21:28:55,23.1,15.0
2026-03-24 21:28:57,23.2,15.0
2026-03-24 21:28:59,23.2,15.0
2026-03-24 21:29:01,23.2,15.0
2026-03-24 21:29:03,23.2,15.0
2026-03-24 21:29:05,23.1,15.0
2026-03-24 21:29:07,23.3,15.0
2026-03-24 21:29:09,23.2,15.0
2026-03-24 21:29:11,23.1,15.0
2026-03-24 21:29:13,23.1,15.0
2026-03-24 21:29:15,23.1,15.0
2026-03-24 21:29:17,23.1,15.0
2026-03-24 21:29:19,23.1,15.0
2026-03-24 21:29:21,23.1,15.0
2026-03-24 21:29:23,23.0,15.0
2026-03-24 21:29:25,23.1,15.0
2026-03-24 21:29:27,23.1,15.0
2026-03-24 21:29:29,23.1,15.0
2026-03-24 21:29:31,23.1,15.0
2026-03-24 21:29:33,23.0,15.0
2026-03-24 21:29:35,23.1,15.0
2026-03-24 21:29:37,23.0,15.0
2026-03-24 21:29:39,23.0,15.0
2026-03-24 21:29:41,23.0,15.0
2026-03-24 21:29:44,23.2,15.0
2026-03-24 21:29:46,23.0,15.0
2026-03-24 21:29:48,23.0,15.0
2026-03-24 21:29:50,23.1,15.0
2026-03-24 21:29:52,23.1,15.0
2026-03-24 21:29:54,23.1,15.0
2026-03-24 21:29:56,23.1,15.0
2026-03-24 21:29:58,23.1,15.0
2026-03-24 21:30:00,23.1,15.0
2026-03-24 21:30:02,23.1,15.0
2026-03-24 21:30:04,23.0,15.0
2026-03-24 21:30:06,23.1,15.0
2026-03-24 21:30:08,23.1,15.0
2026-03-24 21:30:10,23.1,15.0
2026-03-24 21:30:12,23.1,15.0
2026-03-24 21:30:14,23.1,15.0
2026-03-24 21:30:16,23.1,15.0
2026-03-24 21:30:18,23.1,15.0
2026-03-24 21:30:20,23.1,15.0
2026-03-24 21:30:22,23.1,15.0
2026-03-24 21:30:24,23.1,15.0
2026-03-24 21:30:26,23.1,15.0
2026-03-24 21:30:28,23.1,15.0
2026-03-24 21:30:30,23.0,15.0
2026-03-24 21:30:32,23.0,15.0
2026-03-24 21:30:34,23.1,15.0
2026-03-24 21:30:36,23.0,15.0
2026-03-24 21:30:38,23.1,15.0
2026-03-24 21:30:40,23.0,15.0
2026-03-24 21:30:42,23.1,15.0
2026-03-24 21:30:45,23.1,15.0
2026-03-24 21:30:47,23.1,15.0
2026-03-24 21:30:49,23.1,15.0
2026-03-24 21:30:51,23.1,15.0
2026-03-24 21:30:53,23.1,15.0
2026-03-24 21:30:55,23.1,15.0
2026-03-24 21:30:57,23.0,15.0
2026-03-24 21:30:59,23.0,15.0
2026-03-24 21:31:01,23.1,15.0
2026-03-24 21:31:03,23.0,15.0
2026-03-24 21:31:05,23.1,15.0
2026-03-24 21:31:07,23.1,15.0
2026-03-24 21:31:09,23.1,15.0
2026-03-24 21:31:11,23.1,15.0
2026-03-24 21:31:13,23.1,15.0
2026-03-24 21:31:15,23.1,15.0
2026-03-24 21:31:17,23.1,15.0
2026-03-24 21:31:19,23.2,15.0
2026-03-24 21:31:21,23.1,15.0
2026-03-24 21:31:23,23.1,15.0
2026-03-24 21:31:25,23.1,15.0
2026-03-24 21:31:27,23.2,15.0
2026-03-24 21:31:29,23.2,15.0
2026-03-24 21:31:31,23.1,15.0
2026-03-24 21:31:33,23.2,15.0
2026-03-24 21:31:35,23.1,15.0
2026-03-24 21:31:37,23.2,15.0
2026-03-24 21:31:39,23.2,15.0
2026-03-24 21:31:41,23.1,15.0
2026-03-24 21:31:43,23.1,15.0
2026-03-24 21:31:46,23.3,15.0
2026-03-24 21:31:48,23.2,15.0
2026-03-24 21:31:50,23.2,15.0
2026-03-24 21:31:52,23.2,15.0
2026-03-24 21:31:54,23.1,15.0
2026-03-24 21:31:56,23.2,15.0
2026-03-24 21:31:58,23.2,15.0
2026-03-24 21:32:00,23.3,15.0
2026-03-24 21:32:02,23.2,15.0
2026-03-24 21:32:04,23.2,15.0
2026-03-24 21:32:06,23.2,15.0
2026-03-24 21:32:08,23.2,15.0
2026-03-24 21:32:10,23.3,15.0
2026-03-24 21:32:12,23.3,15.0
2026-03-24 21:32:14,23.2,15.0
2026-03-24 21:32:16,23.2,15.0
2026-03-24 21:32:18,23.2,15.0
2026-03-24 21:32:20,23.2,15.0
2026-03-24 21:32:22,23.2,15.0
2026-03-24 21:32:24,23.3,15.0
2026-03-24 21:32:26,23.2,15.0
2026-03-24 21:32:28,23.2,15.0
2026-03-24 21:32:30,23.3,15.0
2026-03-24 21:32:32,23.3,15.0
2026-03-24 21:32:34,23.3,15.0
2026-03-24 21:32:36,23.3,15.0
2026-03-24 21:32:38,23.3,15.0
2026-03-24 21:32:40,23.2,15.0
2026-03-24 21:32:42,23.2,15.0
2026-03-24 21:32:44,23.3,15.0
2026-03-24 21:32:46,23.3,15.0
2026-03-24 21:32:49,23.2,15.0
2026-03-24 21:32:51,23.2,15.0
2026-03-24 21:32:53,23.2,15.0
2026-03-24 21:32:55,23.3,15.0
2026-03-24 21:32:57,23.2,15.0
2026-03-24 21:32:59,23.3,15.0
2026-03-24 21:33:01,23.2,15.0
2026-03-24 21:33:03,23.3,15.0
2026-03-24 21:33:05,23.3,15.0
2026-03-24 21:33:07,23.2,15.0
2026-03-24 21:33:09,23.3,15.0
2026-03-24 21:33:11,23.2,15.0
2026-03-24 21:33:13,23.2,15.0
2026-03-24 21:33:15,23.2,15.0
2026-03-24 21:33:17,23.2,15.0
2026-03-24 21:33:19,23.2,15.0
2026-03-24 21:33:21,23.2,15.0
2026-03-24 21:33:23,23.3,15.0
2026-03-24 21:33:25,23.2,15.0
2026-03-24 21:33:27,23.2,15.0
2026-03-24 21:33:29,23.2,15.0
2026-03-24 21:33:31,23.3,15.0
2026-03-24 21:33:33,23.2,15.0
2026-03-24 21:33:35,23.3,15.0
2026-03-24 21:33:37,23.2,15.0
2026-03-24 21:33:39,23.4,15.0
2026-03-24 21:33:41,23.2,15.0
2026-03-24 21:33:43,23.3,15.0
2026-03-24 21:33:45,23.3,15.0
2026-03-24 21:33:47,23.3,15.0
2026-03-24 21:33:50,23.2,15.0
2026-03-24 21:33:52,23.3,15.0
2026-03-24 21:33:54,23.2,15.0
2026-03-24 21:33:56,23.3,15.0
2026-03-24 21:33:58,23.2,15.0
2026-03-24 21:34:00,23.2,15.0
2026-03-24 21:34:02,23.3,15.0
2026-03-24 21:34:04,23.3,15.0
2026-03-24 21:34:06,23.2,15.0
2026-03-24 21:34:08,23.3,15.0
2026-03-24 21:34:10,23.4,15.0
2026-03-24 21:34:12,23.2,15.0
2026-03-24 21:34:14,23.2,15.0
2026-03-24 21:34:16,23.3,15.0
2026-03-24 21:34:18,23.3,15.0
2026-03-24 21:34:20,23.2,15.0
2026-03-24 21:34:22,23.2,15.0
2026-03-24 21:34:24,23.3,15.0
2026-03-24 21:34:26,23.2,15.0
2026-03-24 21:34:28,23.2,15.0
2026-03-24 21:34:30,23.3,15.0
2026-03-24 21:34:32,23.2,15.0
2026-03-24 21:34:34,23.3,15.0
2026-03-24 21:34:36,23.2,15.0
2026-03-24 21:34:38,23.2,15.0
2026-03-24 21:34:40,23.3,15.0
2026-03-24 21:34:42,23.2,15.0
2026-03-24 21:34:44,23.3,15.0
2026-03-24 21:34:46,23.2,15.0
2026-03-24 21:34:48,23.3,15.0
2026-03-24 21:34:51,23.2,15.0
2026-03-24 21:34:53,23.2,15.0
2026-03-24 21:34:55,23.3,15.0
2026-03-24 21:34:57,23.2,15.0
2026-03-24 21:34:59,23.3,15.0
2026-03-24 21:35:01,23.3,15.0
2026-03-24 21:35:03,23.3,15.0
2026-03-24 21:35:05,23.3,15.0
2026-03-24 21:35:07,23.2,15.0
2026-03-24 21:35:09,23.2,15.0
2026-03-24 21:35:11,23.3,15.0
2026-03-24 21:35:13,23.2,15.0
2026-03-24 21:35:15,23.2,15.0
2026-03-24 21:35:17,23.2,15.0
2026-03-24 21:35:19,23.2,15.0
2026-03-24 21:35:21,23.3,15.0
2026-03-24 21:35:23,23.2,15.0
2026-03-24 21:35:25,23.3,15.0
2026-03-24 21:35:27,23.3,15.0
2026-03-24 21:35:29,23.2,15.0
2026-03-24 21:35:31,23.2,15.0
2026-03-24 21:35:33,23.3,15.0
2026-03-24 21:35:35,23.2,15.0
2026-03-24 21:35:37,23.2,15.0
2026-03-24 21:35:39,23.2,15.0
2026-03-24 21:35:41,23.3,15.0
2026-03-24 21:35:43,23.2,15.0
2026-03-24 21:35:45,23.2,15.0
2026-03-24 21:35:47,23.2,15.0
2026-03-24 21:35:49,23.2,15.0
2026-03-24 21:35:51,23.3,15.0
2026-03-24 21:35:54,23.3,15.0
2026-03-24 21:35:56,23.2,15.0
2026-03-24 21:35:58,23.2,15.0
2026-03-24 21:36:00,23.3,15.0
2026-03-24 21:36:02,23.2,15.0
2026-03-24 21:36:04,23.2,15.0
2026-03-24 21:36:06,23.3,15.0
2026-03-24 21:36:08,23.2,15.0
2026-03-24 21:36:10,23.3,15.0
2026-03-24 21:36:12,23.2,15.0
2026-03-24 21:36:14,23.2,15.0
2026-03-24 21:36:16,23.2,15.0
2026-03-24 21:36:18,23.3,15.0
2026-03-24 21:36:20,23.3,15.0
2026-03-24 21:36:22,23.3,15.0
2026-03-24 21:36:24,23.2,15.0
2026-03-24 21:36:26,23.2,15.0
2026-03-24 21:36:28,23.2,15.0
2026-03-24 21:36:30,23.3,15.0
2026-03-24 21:36:32,23.3,15.0
2026-03-24 21:36:34,23.3,15.0
2026-03-24 21:36:36,23.3,15.0
2026-03-24 21:36:38,23.3,15.0
2026-03-24 21:36:40,23.2,15.0
2026-03-24 21:36:42,23.2,15.0
2026-03-24 21:36:44,23.2,15.0
2026-03-24 21:36:46,23.1,15.0
2026-03-24 21:36:48,23.3,15.0
2026-03-24 21:36:50,23.2,15.0
2026-03-24 21:36:52,23.2,15.0
2026-03-24 21:36:55,23.2,15.0
2026-03-24 21:36:57,23.3,15.0
2026-03-24 21:36:59,23.4,15.0
2026-03-24 21:37:01,23.3,15.0
2026-03-24 21:37:03,23.3,15.0
2026-03-24 21:37:05,23.2,15.0
2026-03-24 21:37:07,23.2,15.0
2026-03-24 21:37:09,23.1,15.0
2026-03-24 21:37:11,23.2,15.0
2026-03-24 21:37:13,23.2,15.0
2026-03-24 21:37:15,23.2,15.0
2026-03-24 21:37:17,23.2,15.0
2026-03-24 21:37:19,23.1,15.0
2026-03-24 21:37:21,23.2,15.0
2026-03-24 21:37:23,23.3,15.0
2026-03-24 21:37:25,23.2,15.0
2026-03-24 21:37:27,23.2,15.0
2026-03-24 21:37:29,23.2,15.0
2026-03-24 21:37:31,23.2,15.0
2026-03-24 21:37:33,23.1,15.0
2026-03-24 21:37:35,23.1,15.0
2026-03-24 21:37:37,23.1,15.0
2026-03-24 21:37:39,23.3,15.0
2026-03-24 21:37:41,23.2,15.0
2026-03-24 21:37:43,23.1,15.0
2026-03-24 21:37:45,23.2,15.0
2026-03-24 21:37:47,23.2,15.0
2026-03-24 21:37:49,23.1,15.0
2026-03-24 21:37:51,23.1,15.0
2026-03-24 21:37:53,23.1,15.0
2026-03-24 21:37:56,23.1,15.0
2026-03-24 21:37:58,23.1,15.0
2026-03-24 21:38:00,23.1,15.0
2026-03-24 21:38:02,23.1,15.0
2026-03-24 21:38:04,23.1,15.0
2026-03-24 21:38:06,23.1,15.0
2026-03-24 21:38:08,23.1,15.0
2026-03-24 21:38:10,23.1,15.0
2026-03-24 21:38:12,23.2,15.0
2026-03-24 21:38:14,23.1,15.0
2026-03-24 21:38:16,23.1,15.0
2026-03-24 21:38:18,23.1,15.0
2026-03-24 21:38:20,23.1,15.0
2026-03-24 21:38:22,23.1,15.0
2026-03-24 21:38:24,23.1,15.0
2026-03-24 21:38:26,23.3,15.0
2026-03-24 21:38:28,23.1,15.0
2026-03-24 21:38:30,23.2,15.0
2026-03-24 21:38:32,23.1,15.0
2026-03-24 21:38:34,23.1,15.0
2026-03-24 21:38:36,23.1,15.0
2026-03-24 21:38:38,23.1,15.0
2026-03-24 21:38:40,23.1,15.0
2026-03-24 21:38:42,23.1,15.0
2026-03-24 21:38:44,23.1,15.0
2026-03-24 21:38:46,23.1,15.0
2026-03-24 21:38:48,23.1,15.0
2026-03-24 21:38:50,23.1,15.0
2026-03-24 21:38:52,23.1,15.0
2026-03-24 21:38:54,23.1,15.0
2026-03-24 21:38:57,23.1,15.0
2026-03-24 21:38:59,23.1,15.0
2026-03-24 21:39:01,23.1,15.0
2026-03-24 21:39:03,23.1,15.0
2026-03-24 21:39:05,23.0,15.0
2026-03-24 21:39:07,23.0,15.0
2026-03-24 21:39:09,23.1,15.0
2026-03-24 21:39:11,23.1,15.0
2026-03-24 21:39:13,23.0,15.0
2026-03-24 21:39:15,23.1,15.0
2026-03-24 21:39:17,23.1,15.0
2026-03-24 21:39:19,23.1,15.0
2026-03-24 21:39:21,23.1,15.0
2026-03-24 21:39:23,23.1,15.0
2026-03-24 21:39:25,23.1,15.0
2026-03-24 21:39:27,23.1,15.0
2026-03-24 21:39:29,23.2,15.0
2026-03-24 21:39:31,23.1,15.0
2026-03-24 21:39:33,23.0,15.0
2026-03-24 21:39:35,23.0,15.0
2026-03-24 21:39:37,23.1,15.0
2026-03-24 21:39:39,23.1,15.0
2026-03-24 21:39:41,23.1,15.0
2026-03-24 21:39:43,23.0,15.0
2026-03-24 21:39:45,23.1,15.0
2026-03-24 21:39:47,23.0,15.0
2026-03-24 21:39:49,23.1,15.0
2026-03-24 21:39:51,23.0,15.0
2026-03-24 21:39:53,23.0,15.0
2026-03-24 21:39:55,23.0,15.0
2026-03-24 21:39:57,23.1,15.0
2026-03-24 21:40:00,23.1,15.0
2026-03-24 21:40:02,23.1,15.0
2026-03-24 21:40:04,23.0,15.0
2026-03-24 21:40:06,23.1,15.0
2026-03-24 21:40:08,23.1,15.0
2026-03-24 21:40:10,23.1,15.0
2026-03-24 21:40:12,23.0,15.0
2026-03-24 21:40:14,23.0,15.0
2026-03-24 21:40:16,23.1,15.0
2026-03-24 21:40:18,23.1,15.0
2026-03-24 21:40:20,23.1,15.0
2026-03-24 21:40:22,23.0,15.0
2026-03-24 21:40:24,23.0,15.0
2026-03-24 21:40:26,23.1,15.0
2026-03-24 21:40:28,23.0,15.0
2026-03-24 21:40:30,23.1,15.0
2026-03-24 21:40:32,23.0,15.0
2026-03-24 21:40:34,23.1,15.0
2026-03-24 21:40:36,23.1,15.0
2026-03-24 21:40:38,23.0,15.0
2026-03-24 21:40:40,23.1,15.0
2026-03-24 21:40:42,23.1,15.0
2026-03-24 21:40:44,23.1,15.0
2026-03-24 21:40:46,23.0,15.0
2026-03-24 21:40:48,23.1,15.0
2026-03-24 21:40:50,23.1,15.0
2026-03-24 21:40:52,23.2,15.0
2026-03-24 21:40:54,23.0,15.0
2026-03-24 21:40:56,23.0,15.0
2026-03-24 21:40:58,23.0,15.0
2026-03-24 21:41:01,23.0,15.0
2026-03-24 21:41:03,23.1,15.0
2026-03-24 21:41:05,23.1,15.0
2026-03-24 21:41:07,23.1,15.0
2026-03-24 21:41:09,23.0,15.0
2026-03-24 21:41:11,23.0,15.0
2026-03-24 21:41:13,23.2,15.0
2026-03-24 21:41:15,23.1,15.0
2026-03-24 21:41:17,23.0,15.0
2026-03-24 21:41:19,23.0,15.0
2026-03-24 21:41:21,23.2,15.0
2026-03-24 21:41:23,23.1,15.0
2026-03-24 21:41:25,23.0,15.0
2026-03-24 21:41:27,23.0,15.0
2026-03-24 21:41:29,23.1,15.0
2026-03-24 21:41:31,23.0,15.0
2026-03-24 21:41:33,23.0,15.0
2026-03-24 21:41:35,23.0,15.0
2026-03-24 21:41:37,23.0,15.0
2026-03-24 21:41:39,23.1,15.0
2026-03-24 21:41:41,23.2,15.0
2026-03-24 21:41:43,23.2,15.0
2026-03-24 21:41:45,23.1,15.0
2026-03-24 21:41:47,23.0,15.0
2026-03-24 21:41:49,23.1,15.0
2026-03-24 21:41:51,23.0,15.0
2026-03-24 21:41:53,23.1,15.0
2026-03-24 21:41:55,23.0,15.0
2026-03-24 21:41:57,23.0,15.0
2026-03-24 21:41:59,23.0,15.0
2026-03-24 21:42:02,23.0,15.0
2026-03-24 21:42:04,23.0,15.0
2026-03-24 21:42:06,23.0,15.0
2026-03-24 21:42:08,23.0,15.0
2026-03-24 21:42:10,23.1,15.0
2026-03-24 21:42:12,23.0,15.0
2026-03-24 21:42:14,23.0,15.0
2026-03-24 21:42:16,23.0,15.0
2026-03-24 21:42:18,23.0,15.0
2026-03-24 21:42:20,23.0,15.0
2026-03-24 21:42:22,23.0,15.0
2026-03-24 21:42:24,23.1,15.0
2026-03-24 21:42:26,23.0,15.0
2026-03-24 21:42:28,23.0,15.0
2026-03-24 21:42:30,23.0,15.0
2026-03-24 21:42:32,23.0,15.0
2026-03-24 21:42:34,23.1,15.0
2026-03-24 21:42:36,23.0,15.0
2026-03-24 21:42:38,23.1,15.0
2026-03-24 21:42:40,23.1,15.0
2026-03-24 21:42:42,23.1,15.0
2026-03-24 21:42:44,23.1,15.0
2026-03-24 21:42:46,23.1,15.0
2026-03-24 21:42:48,23.0,15.0
2026-03-24 21:42:50,23.0,15.0
2026-03-24 21:42:52,23.1,15.0
2026-03-24 21:42:54,23.0,15.0
2026-03-24 21:42:56,23.0,15.0
2026-03-24 21:42:58,23.2,15.0
2026-03-24 21:43:00,23.0,15.0
2026-03-24 21:43:02,23.1,15.0
2026-03-24 21:43:05,23.0,15.0
2026-03-24 21:43:07,23.0,15.0
2026-03-24 21:43:09,23.0,15.0
2026-03-24 21:43:11,23.0,15.0
2026-03-24 21:43:13,23.1,15.0
2026-03-24 21:43:15,23.1,15.0
2026-03-24 21:43:17,23.0,15.0
2026-03-24 21:43:19,23.0,15.0
2026-03-24 21:43:21,23.0,15.0
2026-03-24 21:43:23,23.0,15.0
2026-03-24 21:43:25,23.0,15.0
2026-03-24 21:43:27,23.0,15.0
2026-03-24 21:43:29,23.0,15.0
2026-03-24 21:43:31,23.0,15.0
2026-03-24 21:43:33,23.0,15.0
2026-03-24 21:43:35,22.9,15.0
2026-03-24 21:43:37,23.1,15.0
2026-03-24 21:43:39,23.0,15.0
2026-03-24 21:43:41,23.0,15.0
2026-03-24 21:43:43,23.0,15.0
2026-03-24 21:43:45,23.0,15.0
2026-03-24 21:43:47,22.9,15.0
2026-03-24 21:43:49,22.9,15.0
2026-03-24 21:43:51,22.9,15.0
2026-03-24 21:43:53,22.9,15.0
2026-03-24 21:43:55,22.9,15.0
2026-03-24 21:43:57,23.0,15.0
2026-03-24 21:43:59,23.0,15.0
2026-03-24 21:44:01,23.0,15.0
2026-03-24 21:44:03,22.9,15.0
2026-03-24 21:44:06,22.9,15.0
2026-03-24 21:44:08,23.0,15.0
2026-03-24 21:44:10,23.0,15.0
2026-03-24 21:44:12,22.9,15.0
2026-03-24 21:44:14,22.9,15.0
2026-03-24 21:44:16,23.0,15.0
2026-03-24 21:44:18,22.9,15.0
2026-03-24 21:44:20,22.9,15.0
2026-03-24 21:44:22,22.9,15.0
2026-03-24 21:44:24,22.9,15.0
2026-03-24 21:44:26,23.1,15.0
2026-03-24 21:44:28,22.9,15.0
2026-03-24 21:44:30,22.9,15.0
2026-03-24 21:44:32,23.0,15.0
2026-03-24 21:44:34,23.1,15.0
2026-03-24 21:44:36,23.1,15.0
2026-03-24 21:44:38,22.9,15.0
2026-03-24 21:44:40,22.9,15.0
2026-03-24 21:44:42,23.0,15.0
2026-03-24 21:44:44,22.9,15.0
2026-03-24 21:44:46,23.0,15.0
2026-03-24 21:44:48,22.9,15.0
2026-03-24 21:44:50,23.0,15.0
2026-03-24 21:44:52,23.0,15.0
2026-03-24 21:44:54,22.9,15.0
2026-03-24 21:44:56,22.9,15.0
2026-03-24 21:44:58,22.9,15.0
2026-03-24 21:45:00,23.0,15.0
2026-03-24 21:45:02,23.1,15.0
2026-03-24 21:45:04,23.0,15.0
2026-03-24 21:45:07,22.9,15.0
2026-03-24 21:45:09,22.9,15.0
2026-03-24 21:45:11,23.0,15.0
2026-03-24 21:45:13,23.0,15.0
2026-03-24 21:45:15,23.0,15.0
2026-03-24 21:45:17,23.1,15.0
2026-03-24 21:45:19,23.0,15.0
2026-03-24 21:45:21,23.0,15.0
2026-03-24 21:45:23,23.0,15.0
2026-03-24 21:45:25,23.0,15.0
2026-03-24 21:45:27,23.0,15.0
2026-03-24 21:45:29,23.0,15.0
2026-03-24 21:45:31,23.1,15.0
2026-03-24 21:45:33,23.0,15.0
2026-03-24 21:45:35,23.1,15.0
2026-03-24 21:45:37,23.1,15.0
2026-03-24 21:45:39,23.0,15.0
2026-03-24 21:45:41,23.0,15.0
2026-03-24 21:45:43,23.0,15.0
2026-03-24 21:45:45,23.0,15.0
2026-03-24 21:45:47,23.1,15.0
2026-03-24 21:45:49,23.1,15.0
2026-03-24 21:45:51,23.1,15.0
2026-03-24 21:45:53,23.1,15.0
2026-03-24 21:45:55,23.1,15.0
2026-03-24 21:45:57,23.1,15.0
2026-03-24 21:45:59,23.2,15.0
2026-03-24 21:46:01,23.2,15.0
2026-03-24 21:46:03,23.3,15.0
2026-03-24 21:46:05,23.3,15.0
2026-03-24 21:46:07,23.3,15.0
2026-03-24 21:46:10,23.2,15.0
2026-03-24 21:46:12,23.3,15.0
2026-03-24 21:46:14,23.3,15.0
2026-03-24 21:46:16,23.2,15.0
2026-03-24 21:46:18,23.2,15.0
2026-03-24 21:46:20,23.2,15.0
2026-03-24 21:46:22,23.3,15.0
2026-03-24 21:46:24,23.4,15.0
2026-03-24 21:46:26,23.3,15.0
2026-03-24 21:46:28,23.3,15.0
2026-03-24 21:46:30,23.3,15.0
2026-03-24 21:46:32,23.2,15.0
2026-03-24 21:46:34,23.3,15.0
2026-03-24 21:46:36,23.4,15.0
2026-03-24 21:46:38,23.3,15.0
2026-03-24 21:46:40,23.2,15.0
2026-03-24 21:46:42,23.2,15.0
2026-03-24 21:46:44,23.3,15.0
2026-03-24 21:46:46,23.3,15.0
2026-03-24 21:46:48,23.3,15.0
2026-03-24 21:46:50,23.4,15.0
2026-03-24 21:46:52,23.2,15.0
2026-03-24 21:46:54,23.3,15.0
2026-03-24 21:46:56,23.3,15.0
2026-03-24 21:46:58,23.3,15.0
2026-03-24 21:47:00,23.4,15.0
2026-03-24 21:47:02,23.2,15.0
2026-03-24 21:47:04,23.3,15.0
2026-03-24 21:47:06,23.4,15.0
2026-03-24 21:47:08,23.3,15.0
2026-03-24 21:47:11,23.3,15.0
2026-03-24 21:47:13,23.3,15.0
2026-03-24 21:47:15,23.2,15.0
2026-03-24 21:47:17,23.4,15.0
2026-03-24 21:47:19,23.3,15.0
2026-03-24 21:47:21,23.3,15.0
2026-03-24 21:47:23,23.4,15.0
2026-03-24 21:47:25,23.3,15.0
2026-03-24 21:47:27,23.3,15.0
2026-03-24 21:47:29,23.3,15.0
2026-03-24 21:47:31,23.4,15.0
2026-03-24 21:47:33,23.3,15.0
2026-03-24 21:47:35,23.3,15.0
2026-03-24 21:47:37,23.4,15.0
2026-03-24 21:47:39,23.3,15.0
2026-03-24 21:47:41,23.3,15.0
2026-03-24 21:47:43,23.3,15.0
2026-03-24 21:47:45,23.3,15.0
2026-03-24 21:47:47,23.4,15.0
2026-03-24 21:47:49,23.4,15.0
2026-03-24 21:47:51,23.4,15.0
2026-03-24 21:47:53,23.4,15.0
2026-03-24 21:47:55,23.4,15.0
2026-03-24 21:47:57,23.4,15.0
2026-03-24 21:47:59,23.3,15.0
2026-03-24 21:48:01,23.4,15.0
2026-03-24 21:48:03,23.4,15.0
2026-03-24 21:48:05,23.3,15.0
2026-03-24 21:48:07,23.3,15.0
2026-03-24 21:48:09,23.4,15.0
2026-03-24 21:48:12,23.3,15.0
2026-03-24 21:48:14,23.4,15.0
2026-03-24 21:48:16,23.5,15.0
2026-03-24 21:48:18,23.4,15.0
2026-03-24 21:48:20,23.4,15.0
2026-03-24 21:48:22,23.3,15.0
2026-03-24 21:48:24,23.3,15.0
2026-03-24 21:48:26,23.3,15.0
2026-03-24 21:48:28,23.4,15.0
2026-03-24 21:48:30,23.4,15.0
2026-03-24 21:48:32,23.4,15.0
2026-03-24 21:48:34,23.4,15.0
2026-03-24 21:48:36,23.4,15.0
2026-03-24 21:48:38,23.4,15.0
2026-03-24 21:48:40,23.4,15.0
2026-03-24 21:48:42,23.3,15.0
2026-03-24 21:48:44,23.4,15.0
2026-03-24 21:48:46,23.4,15.0
2026-03-24 21:48:48,23.4,15.0
2026-03-24 21:48:50,23.4,15.0
2026-03-24 21:48:52,23.4,15.0
2026-03-24 21:48:54,23.4,15.0
2026-03-24 21:48:56,23.3,15.0
2026-03-24 21:48:58,23.4,15.0
2026-03-24 21:49:00,23.4,15.0
2026-03-24 21:49:02,23.4,15.0
2026-03-24 21:49:04,23.4,15.0
